{
    "name": "root",
    "gauges": {
        "CubeAgent.Policy.Entropy.mean": {
            "value": 1.3418928384780884,
            "min": 1.3325196504592896,
            "max": 1.418938398361206,
            "count": 41
        },
        "CubeAgent.Policy.Entropy.sum": {
            "value": 16773.66015625,
            "min": 16656.49609375,
            "max": 17736.73046875,
            "count": 41
        },
        "CubeAgent.Environment.EpisodeLength.mean": {
            "value": 499.0,
            "min": 499.0,
            "max": 499.0,
            "count": 41
        },
        "CubeAgent.Environment.EpisodeLength.sum": {
            "value": 12475.0,
            "min": 12475.0,
            "max": 12475.0,
            "count": 41
        },
        "CubeAgent.Step.mean": {
            "value": 503500.0,
            "min": 11500.0,
            "max": 503500.0,
            "count": 42
        },
        "CubeAgent.Step.sum": {
            "value": 503500.0,
            "min": 11500.0,
            "max": 503500.0,
            "count": 42
        },
        "CubeAgent.Policy.ExtrinsicValueEstimate.mean": {
            "value": -0.22061379253864288,
            "min": -0.24448807537555695,
            "max": -0.127695694565773,
            "count": 42
        },
        "CubeAgent.Policy.ExtrinsicValueEstimate.sum": {
            "value": -5.294731140136719,
            "min": -5.867713928222656,
            "max": -3.064696788787842,
            "count": 42
        },
        "CubeAgent.Environment.CumulativeReward.mean": {
            "value": -0.8166666266818842,
            "min": -1.2208333586653073,
            "max": -0.7749999898175398,
            "count": 42
        },
        "CubeAgent.Environment.CumulativeReward.sum": {
            "value": -19.59999904036522,
            "min": -29.300000607967377,
            "max": -18.599999755620956,
            "count": 42
        },
        "CubeAgent.Policy.ExtrinsicReward.mean": {
            "value": -0.8166666266818842,
            "min": -1.2208333586653073,
            "max": -0.7749999898175398,
            "count": 42
        },
        "CubeAgent.Policy.ExtrinsicReward.sum": {
            "value": -19.59999904036522,
            "min": -29.300000607967377,
            "max": -18.599999755620956,
            "count": 42
        },
        "CubeAgent.IsTraining.mean": {
            "value": 0.0,
            "min": 0.0,
            "max": 1.0,
            "count": 42
        },
        "CubeAgent.IsTraining.sum": {
            "value": 0.0,
            "min": 0.0,
            "max": 1.0,
            "count": 42
        },
        "CubeAgent.Losses.PolicyLoss.mean": {
            "value": 0.10339839020345964,
            "min": 0.09398307751577634,
            "max": 0.10529892424710541,
            "count": 40
        },
        "CubeAgent.Losses.PolicyLoss.sum": {
            "value": 0.10339839020345964,
            "min": 0.09398307751577634,
            "max": 0.10529892424710541,
            "count": 40
        },
        "CubeAgent.Losses.ValueLoss.mean": {
            "value": 0.05228522554613077,
            "min": 0.040756090306955525,
            "max": 0.05330704505372251,
            "count": 40
        },
        "CubeAgent.Losses.ValueLoss.sum": {
            "value": 0.05228522554613077,
            "min": 0.040756090306955525,
            "max": 0.05330704505372251,
            "count": 40
        },
        "CubeAgent.Policy.LearningRate.mean": {
            "value": 9.999999999999998e-11,
            "min": 9.999999999999998e-11,
            "max": 0.00029250000249999994,
            "count": 40
        },
        "CubeAgent.Policy.LearningRate.sum": {
            "value": 9.999999999999998e-11,
            "min": 9.999999999999998e-11,
            "max": 0.00029250000249999994,
            "count": 40
        },
        "CubeAgent.Policy.Epsilon.mean": {
            "value": 0.09999999999999999,
            "min": 0.09999999999999999,
            "max": 0.19749999999999998,
            "count": 40
        },
        "CubeAgent.Policy.Epsilon.sum": {
            "value": 0.09999999999999999,
            "min": 0.09999999999999999,
            "max": 0.19749999999999998,
            "count": 40
        },
        "CubeAgent.Policy.Beta.mean": {
            "value": 1.0000000000000003e-05,
            "min": 1.0000000000000003e-05,
            "max": 0.0009752500000000002,
            "count": 40
        },
        "CubeAgent.Policy.Beta.sum": {
            "value": 1.0000000000000003e-05,
            "min": 1.0000000000000003e-05,
            "max": 0.0009752500000000002,
            "count": 40
        }
    },
    "metadata": {
        "timer_format_version": "0.1.0",
        "start_time_seconds": "1726575024",
        "python_version": "3.8.10 (tags/v3.8.10:3d8993a, May  3 2021, 11:48:03) [MSC v.1928 64 bit (AMD64)]",
        "command_line_arguments": "C:\\Users\\81809\\Desktop\\Python\\Unity-ml-agents\\venv\\Scripts\\mlagents-learn config/ppo/Cube.yaml --run-id=46",
        "mlagents_version": "0.28.0",
        "mlagents_envs_version": "0.28.0",
        "communication_protocol_version": "1.5.0",
        "pytorch_version": "1.7.1+cu110",
        "numpy_version": "1.19.5",
        "end_time_seconds": "1726575537"
    },
    "total": 513.1385874,
    "count": 1,
    "self": 0.013775900000041474,
    "children": {
        "run_training.setup": {
            "total": 0.1118444999999999,
            "count": 1,
            "self": 0.1118444999999999
        },
        "TrainerController.start_learning": {
            "total": 513.012967,
            "count": 1,
            "self": 0.3352127999969525,
            "children": {
                "TrainerController._reset_env": {
                    "total": 7.329392,
                    "count": 1,
                    "self": 7.329392
                },
                "TrainerController.advance": {
                    "total": 505.28091990000314,
                    "count": 20540,
                    "self": 0.3392490000086923,
                    "children": {
                        "env_step": {
                            "total": 158.77382499999527,
                            "count": 20540,
                            "self": 104.8757195000018,
                            "children": {
                                "SubprocessEnvManager._take_step": {
                                    "total": 53.669993099995594,
                                    "count": 20540,
                                    "self": 1.2815855000028833,
                                    "children": {
                                        "TorchPolicy.evaluate": {
                                            "total": 52.38840759999271,
                                            "count": 20500,
                                            "self": 20.229929399994745,
                                            "children": {
                                                "TorchPolicy.sample_actions": {
                                                    "total": 32.158478199997965,
                                                    "count": 20500,
                                                    "self": 32.158478199997965
                                                }
                                            }
                                        }
                                    }
                                },
                                "workers": {
                                    "total": 0.22811239999788313,
                                    "count": 20540,
                                    "self": 0.0,
                                    "children": {
                                        "worker_root": {
                                            "total": 506.70198469999747,
                                            "count": 20540,