{
    "name": "root",
    "gauges": {
        "CubeAgent.Policy.Entropy.mean": {
            "value": 2.041160821914673,
            "min": 2.011864423751831,
            "max": 2.123995780944824,
            "count": 41
        },
        "CubeAgent.Policy.Entropy.sum": {
            "value": 23269.232421875,
            "min": 22969.771484375,
            "max": 32232.71484375,
            "count": 41
        },
        "CubeAgent.Environment.EpisodeLength.mean": {
            "value": 151.0,
            "min": 151.0,
            "max": 151.0,
            "count": 41
        },
        "CubeAgent.Environment.EpisodeLength.sum": {
            "value": 11325.0,
            "min": 11325.0,
            "max": 15100.0,
            "count": 41
        },
        "CubeAgent.Step.mean": {
            "value": 491872.0,
            "min": 11856.0,
            "max": 491872.0,
            "count": 41
        },
        "CubeAgent.Step.sum": {
            "value": 491872.0,
            "min": 11856.0,
            "max": 491872.0,
            "count": 41
        },
        "CubeAgent.Policy.ExtrinsicValueEstimate.mean": {
            "value": -0.5141533613204956,
            "min": -0.6306872963905334,
            "max": -0.1769726574420929,
            "count": 41
        },
        "CubeAgent.Policy.ExtrinsicValueEstimate.sum": {
            "value": -40.61811447143555,
            "min": -49.82429504394531,
            "max": -13.80386734008789,
            "count": 41
        },
        "CubeAgent.Environment.CumulativeReward.mean": {
            "value": -1.0000143368032914,
            "min": -1.1546258081363727,
            "max": -0.9539170257652863,
            "count": 41
        },
        "CubeAgent.Environment.CumulativeReward.sum": {
            "value": -79.00113260746002,
            "min": -91.21543884277344,
            "max": -75.35944503545761,
            "count": 41
        },
        "CubeAgent.Policy.ExtrinsicReward.mean": {
            "value": -1.0000143368032914,
            "min": -1.1546258081363727,
            "max": -0.9539170257652863,
            "count": 41
        },
        "CubeAgent.Policy.ExtrinsicReward.sum": {
            "value": -79.00113260746002,
            "min": -91.21543884277344,
            "max": -75.35944503545761,
            "count": 41
        },
        "CubeAgent.IsTraining.mean": {
            "value": 1.0,
            "min": 1.0,
            "max": 1.0,
            "count": 41
        },
        "CubeAgent.IsTraining.sum": {
            "value": 1.0,
            "min": 1.0,
            "max": 1.0,
            "count": 41
        },
        "CubeAgent.Losses.PolicyLoss.mean": {
            "value": 0.09501030506246802,
            "min": 0.09432615899947441,
            "max": 0.10328210578773661,
            "count": 32
        },
        "CubeAgent.Losses.PolicyLoss.sum": {
            "value": 0.09501030506246802,
            "min": 0.09432615899947441,
            "max": 0.10328210578773661,
            "count": 32
        },
        "CubeAgent.Losses.ValueLoss.mean": {
            "value": 0.09006658111831223,
            "min": 0.05383860575802803,
            "max": 0.16203345242054654,
            "count": 32
        },
        "CubeAgent.Losses.ValueLoss.sum": {
            "value": 0.09006658111831223,
            "min": 0.05383860575802803,
            "max": 0.16203345242054654,
            "count": 32
        },
        "CubeAgent.Policy.LearningRate.mean": {
            "value": 3.536009727999999e-05,
            "min": 3.536009727999999e-05,
            "max": 0.0012604800030400001,
            "count": 32
        },
        "CubeAgent.Policy.LearningRate.sum": {
            "value": 3.536009727999999e-05,
            "min": 3.536009727999999e-05,
            "max": 0.0012604800030400001,
            "count": 32
        },
        "CubeAgent.Policy.Epsilon.mean": {
            "value": 0.10271999999999999,
            "min": 0.10271999999999999,
            "max": 0.19696000000000002,
            "count": 32
        },
        "CubeAgent.Policy.Epsilon.sum": {
            "value": 0.10271999999999999,
            "min": 0.10271999999999999,
            "max": 0.19696000000000002,
            "count": 32
        },
        "CubeAgent.Policy.Beta.mean": {
            "value": 3.6927999999999996e-05,
            "min": 3.6927999999999996e-05,
            "max": 0.000969904,
            "count": 32
        },
        "CubeAgent.Policy.Beta.sum": {
            "value": 3.6927999999999996e-05,
            "min": 3.6927999999999996e-05,
            "max": 0.000969904,
            "count": 32
        }
    },
    "metadata": {
        "timer_format_version": "0.1.0",
        "start_time_seconds": "1725792424",
        "python_version": "3.8.10 (tags/v3.8.10:3d8993a, May  3 2021, 11:48:03) [MSC v.1928 64 bit (AMD64)]",
        "command_line_arguments": "C:\\Users\\81809\\Desktop\\Python\\Unity-ml-agents\\venv\\Scripts\\mlagents-learn config/ppo/Cube.yaml --run-id=18",
        "mlagents_version": "0.28.0",
        "mlagents_envs_version": "0.28.0",
        "communication_protocol_version": "1.5.0",
        "pytorch_version": "1.7.1+cu110",
        "numpy_version": "1.19.5",
        "end_time_seconds": "1725793141"
    },
    "total": 716.4391848,
    "count": 1,
    "self": 0.018601400000079593,
    "children": {
        "run_training.setup": {
            "total": 0.12096800000000019,
            "count": 1,
            "self": 0.12096800000000019
        },
        "TrainerController.start_learning": {
            "total": 716.2996154,
            "count": 1,
            "self": 0.4005808000017623,
            "children": {
                "TrainerController._reset_env": {
                    "total": 6.0798303,
                    "count": 1,
                    "self": 6.0798303
                },
                "TrainerController.advance": {
                    "total": 709.7308891999982,
                    "count": 20195,
                    "self": 0.42302759998881356,
                    "children": {
                        "env_step": {
                            "total": 223.93759609999688,
                            "count": 20195,
                            "self": 128.354342699993,
                            "children": {
                                "SubprocessEnvManager._take_step": {
                                    "total": 95.30466420000198,
                                    "count": 20195,
                                    "self": 1.4430394000051052,
                                    "children": {
                                        "TorchPolicy.evaluate": {
                                            "total": 93.86162479999687,
                                            "count": 20064,
                                            "self": 28.947828899995514,
                                            "children": {
                                                "TorchPolicy.sample_actions": {
                                                    "total": 64.91379590000136,
                                                    "count": 20064,
                                                    "self": 64.91379590000136
                                                }
                                            }
                                        }
                                    }
                                },
                                "workers": {
                                    "total": 0.27858920000190324,
                                    "count": 20195,
                                    "self": 0.0,
                                    "children": {
                                        "worker_root": {
                                            "total": 710.6309820000017,
                                            "count": 20195,
                                            "is_parallel": true,