{
    "name": "root",
    "metadata": {
        "timer_format_version": "0.1.0",
        "start_time_seconds": "1726581722",
        "python_version": "3.8.10 (tags/v3.8.10:3d8993a, May  3 2021, 11:48:03) [MSC v.1928 64 bit (AMD64)]",
        "command_line_arguments": "C:\\Users\\81809\\Desktop\\Python\\Unity-ml-agents\\venv\\Scripts\\mlagents-learn config/ppo/Cube.yaml --run-id=50",
        "mlagents_version": "0.28.0",
        "mlagents_envs_version": "0.28.0",
        "communication_protocol_version": "1.5.0",
        "pytorch_version": "1.7.1+cu110",
        "numpy_version": "1.19.5",
        "end_time_seconds": "1726581767"
    },
    "total": 44.427924,
    "count": 1,
    "self": 0.017159199999994712,
    "children": {
        "run_training.setup": {
            "total": 0.10002369999999994,
            "count": 1,
            "self": 0.10002369999999994
        },
        "TrainerController.start_learning": {
            "total": 44.3107411,
            "count": 1,
            "self": 0.00043949999999881584,
            "children": {
                "TrainerController._reset_env": {
                    "total": 11.0106578,
                    "count": 1,
                    "self": 11.0106578
                },
                "TrainerController.advance": {
                    "total": 32.326788,
                    "count": 1,
                    "self": 1.9399999999336615e-05,
                    "children": {
                        "env_step": {
                            "total": 32.3267686,
                            "count": 1,
                            "self": 32.3267623,
                            "children": {
                                "SubprocessEnvManager._take_step": {
                                    "total": 6.300000000791783e-06,
                                    "count": 1,
                                    "self": 6.300000000791783e-06
                                }
                            }
                        }
                    }
                },
                "trainer_threads": {
                    "total": 1.6000000044869012e-06,
                    "count": 1,
                    "self": 1.6000000044869012e-06
                },
                "TrainerController._save_models": {
                    "total": 0.9728542000000004,
                    "count": 1,
                    "self": 0.015406599999998605,
                    "children": {
                        "RLTrainer._checkpoint": {
                            "total": 0.9574476000000018,
                            "count": 1,
                            "self": 0.9574476000000018
                        }
                    }
                }
            }
        }
    }
}